scenario,protocol,architecture,traffic_level,num_spots,sim_duration_s,access_loss,backhaul_loss,agg_interval_s,mqtt_qos,coap_mode,amqp_exchange,amqp_ack,amqp_durable,heartbeat_interval_s,n_runs,seeds,metric,mean,std,ci95_low,ci95_high,ci95_halfwidth
A1_cloud_only,mqtt,cloud_only,peak,500,10800.0,0.05,0.02,1.0,0,CON,direct,manual,True,900.0,5,1000;1001;1002;1003;1004,latency_mean_ms,80.736,0.419142,80.21565,81.25635,0.52035
A1_cloud_only,mqtt,cloud_only,peak,500,10800.0,0.05,0.02,1.0,0,CON,direct,manual,True,900.0,5,1000;1001;1002;1003;1004,latency_p50_ms,80.816,0.516072,80.175315,81.456685,0.640685
A1_cloud_only,mqtt,cloud_only,peak,500,10800.0,0.05,0.02,1.0,0,CON,direct,manual,True,900.0,5,1000;1001;1002;1003;1004,latency_p95_ms,130.022,1.367542,128.324245,131.719755,1.697755
A1_cloud_only,mqtt,cloud_only,peak,500,10800.0,0.05,0.02,1.0,0,CON,direct,manual,True,900.0,5,1000;1001;1002;1003;1004,latency_p99_ms,149.986,2.962605,146.308029,153.663971,3.677971
A1_cloud_only,mqtt,cloud_only,peak,500,10800.0,0.05,0.02,1.0,0,CON,direct,manual,True,900.0,5,1000;1001;1002;1003;1004,e2e_unique_delivery_ratio,0.9389,0.002351,0.935982,0.941818,0.002918
A1_cloud_only,mqtt,cloud_only,peak,500,10800.0,0.05,0.02,1.0,0,CON,direct,manual,True,900.0,5,1000;1001;1002;1003;1004,cloud_reflection_ratio,0.9896,0.003847,0.984824,0.994376,0.004776
A1_cloud_only,mqtt,cloud_only,peak,500,10800.0,0.05,0.02,1.0,0,CON,direct,manual,True,900.0,5,1000;1001;1002;1003;1004,physical_delivery_ratio,0.94868,0.00249,0.945588,0.951772,0.003092
A1_cloud_only,mqtt,cloud_only,peak,500,10800.0,0.05,0.02,1.0,0,CON,direct,manual,True,900.0,5,1000;1001;1002;1003;1004,backhaul_delivery_ratio,,,,,
A1_cloud_only,mqtt,cloud_only,peak,500,10800.0,0.05,0.02,1.0,0,CON,direct,manual,True,900.0,5,1000;1001;1002;1003;1004,message_reduction_ratio,,,,,
A1_cloud_only,mqtt,cloud_only,peak,500,10800.0,0.05,0.02,1.0,0,CON,direct,manual,True,900.0,5,1000;1001;1002;1003;1004,aggregation_ratio,,,,,
A1_cloud_only,mqtt,cloud_only,peak,500,10800.0,0.05,0.02,1.0,0,CON,direct,manual,True,900.0,5,1000;1001;1002;1003;1004,proto_bytes_sent,1727132.2,23145.115342,1698398.350745,1755866.049255,28733.849255
A1_cloud_only,mqtt,cloud_only,peak,500,10800.0,0.05,0.02,1.0,0,CON,direct,manual,True,900.0,5,1000;1001;1002;1003;1004,frames_e2c_sent,,,,,
A1_cloud_only,mqtt,cloud_only,peak,500,10800.0,0.05,0.02,1.0,0,CON,direct,manual,True,900.0,5,1000;1001;1002;1003;1004,frames_e2c_delivered,,,,,
A1_cloud_only,mqtt,cloud_only,peak,500,10800.0,0.05,0.02,1.0,0,CON,direct,manual,True,900.0,5,1000;1001;1002;1003;1004,bytes_e2c_sent,,,,,
A1_cloud_only,mqtt,cloud_only,peak,500,10800.0,0.05,0.02,1.0,0,CON,direct,manual,True,900.0,5,1000;1001;1002;1003;1004,bytes_s2e_sent,184485.0,1958.904668,182053.088531,186916.911469,2431.911469
A1_cloud_only,mqtt,cloud_only,peak,500,10800.0,0.05,0.02,1.0,0,CON,direct,manual,True,900.0,5,1000;1001;1002;1003;1004,proto_retransmissions,0.0,0.0,0.0,0.0,0.0
A1_cloud_only,mqtt,cloud_only,peak,500,10800.0,0.05,0.02,1.0,0,CON,direct,manual,True,900.0,5,1000;1001;1002;1003;1004,proto_duplicate_deliveries,0.0,0.0,0.0,0.0,0.0
A1_cloud_only,mqtt,cloud_only,peak,500,10800.0,0.05,0.02,1.0,0,CON,direct,manual,True,900.0,5,1000;1001;1002;1003;1004,unique_state_changes_applied_at_cloud,3260.0,94.35571,3142.860694,3377.139306,117.139306
A1_cloud_only,mqtt,cloud_only,peak,500,10800.0,0.05,0.02,1.0,0,CON,direct,manual,True,900.0,5,1000;1001;1002;1003;1004,duplicate_events_at_cloud,0.0,0.0,0.0,0.0,0.0
A2_edge_filtered,mqtt,edge_filtered,peak,500,10800.0,0.05,0.02,1.0,0,CON,direct,manual,True,900.0,5,1000;1001;1002;1003;1004,latency_mean_ms,110.664,0.549845,109.981386,111.346614,0.682614
A2_edge_filtered,mqtt,edge_filtered,peak,500,10800.0,0.05,0.02,1.0,0,CON,direct,manual,True,900.0,5,1000;1001;1002;1003;1004,latency_p50_ms,110.552,0.89469,109.441274,111.662726,1.110726
A2_edge_filtered,mqtt,edge_filtered,peak,500,10800.0,0.05,0.02,1.0,0,CON,direct,manual,True,900.0,5,1000;1001;1002;1003;1004,latency_p95_ms,162.912,1.151898,161.481958,164.342042,1.430042
A2_edge_filtered,mqtt,edge_filtered,peak,500,10800.0,0.05,0.02,1.0,0,CON,direct,manual,True,900.0,5,1000;1001;1002;1003;1004,latency_p99_ms,183.728,2.469761,180.661878,186.794122,3.066122
A2_edge_filtered,mqtt,edge_filtered,peak,500,10800.0,0.05,0.02,1.0,0,CON,direct,manual,True,900.0,5,1000;1001;1002;1003;1004,e2e_unique_delivery_ratio,0.89114,0.006369,0.883233,0.899047,0.007907
A2_edge_filtered,mqtt,edge_filtered,peak,500,10800.0,0.05,0.02,1.0,0,CON,direct,manual,True,900.0,5,1000;1001;1002;1003;1004,cloud_reflection_ratio,0.964,0.010296,0.951218,0.976782,0.012782
A2_edge_filtered,mqtt,edge_filtered,peak,500,10800.0,0.05,0.02,1.0,0,CON,direct,manual,True,900.0,5,1000;1001;1002;1003;1004,physical_delivery_ratio,0.92896,0.002434,0.925939,0.931981,0.003021
A2_edge_filtered,mqtt,edge_filtered,peak,500,10800.0,0.05,0.02,1.0,0,CON,direct,manual,True,900.0,5,1000;1001;1002;1003;1004,backhaul_delivery_ratio,0.9792,0.002503,0.976093,0.982307,0.003107
A2_edge_filtered,mqtt,edge_filtered,peak,500,10800.0,0.05,0.02,1.0,0,CON,direct,manual,True,900.0,5,1000;1001;1002;1003;1004,message_reduction_ratio,0.48358,0.00266,0.480277,0.486883,0.003303
A2_edge_filtered,mqtt,edge_filtered,peak,500,10800.0,0.05,0.02,1.0,0,CON,direct,manual,True,900.0,5,1000;1001;1002;1003;1004,aggregation_ratio,1.0,0.0,1.0,1.0,0.0
A2_edge_filtered,mqtt,edge_filtered,peak,500,10800.0,0.05,0.02,1.0,0,CON,direct,manual,True,900.0,5,1000;1001;1002;1003;1004,proto_bytes_sent,859897.2,15110.335162,841138.248648,878656.151352,18758.951352
A2_edge_filtered,mqtt,edge_filtered,peak,500,10800.0,0.05,0.02,1.0,0,CON,direct,manual,True,900.0,5,1000;1001;1002;1003;1004,frames_e2c_sent,4727.0,86.715051,4619.346305,4834.653695,107.653695
A2_edge_filtered,mqtt,edge_filtered,peak,500,10800.0,0.05,0.02,1.0,0,CON,direct,manual,True,900.0,5,1000;1001;1002;1003;1004,frames_e2c_delivered,4628.6,79.005063,4530.517984,4726.682016,98.082016
A2_edge_filtered,mqtt,edge_filtered,peak,500,10800.0,0.05,0.02,1.0,0,CON,direct,manual,True,900.0,5,1000;1001;1002;1003;1004,bytes_e2c_sent,746449.2,13029.190025,730273.917373,762624.482627,16175.282627
A2_edge_filtered,mqtt,edge_filtered,peak,500,10800.0,0.05,0.02,1.0,0,CON,direct,manual,True,900.0,5,1000;1001;1002;1003;1004,bytes_s2e_sent,184485.0,1958.904668,182053.088531,186916.911469,2431.911469
A2_edge_filtered,mqtt,edge_filtered,peak,500,10800.0,0.05,0.02,1.0,0,CON,direct,manual,True,900.0,5,1000;1001;1002;1003;1004,proto_retransmissions,0.0,0.0,0.0,0.0,0.0
A2_edge_filtered,mqtt,edge_filtered,peak,500,10800.0,0.05,0.02,1.0,0,CON,direct,manual,True,900.0,5,1000;1001;1002;1003;1004,proto_duplicate_deliveries,0.0,0.0,0.0,0.0,0.0
A2_edge_filtered,mqtt,edge_filtered,peak,500,10800.0,0.05,0.02,1.0,0,CON,direct,manual,True,900.0,5,1000;1001;1002;1003;1004,unique_state_changes_applied_at_cloud,3093.8,80.200998,2994.233273,3193.366727,99.566727
A2_edge_filtered,mqtt,edge_filtered,peak,500,10800.0,0.05,0.02,1.0,0,CON,direct,manual,True,900.0,5,1000;1001;1002;1003;1004,duplicate_events_at_cloud,0.0,0.0,0.0,0.0,0.0
A3_edge_agg_5s,mqtt,edge_aggregated,peak,500,10800.0,0.05,0.02,5.0,0,CON,direct,manual,True,900.0,5,1000;1001;1002;1003;1004,latency_mean_ms,2622.558,35.517923,2578.463744,2666.652256,44.094256
A3_edge_agg_5s,mqtt,edge_aggregated,peak,500,10800.0,0.05,0.02,5.0,0,CON,direct,manual,True,900.0,5,1000;1001;1002;1003;1004,latency_p50_ms,2621.882,70.277514,2534.63493,2709.12907,87.24707
A3_edge_agg_5s,mqtt,edge_aggregated,peak,500,10800.0,0.05,0.02,5.0,0,CON,direct,manual,True,900.0,5,1000;1001;1002;1003;1004,latency_p95_ms,4855.612,19.602035,4831.276761,4879.947239,24.335239
A3_edge_agg_5s,mqtt,edge_aggregated,peak,500,10800.0,0.05,0.02,5.0,0,CON,direct,manual,True,900.0,5,1000;1001;1002;1003;1004,latency_p99_ms,5051.114,9.238795,5039.64436,5062.58364,11.46964
A3_edge_agg_5s,mqtt,edge_aggregated,peak,500,10800.0,0.05,0.02,5.0,0,CON,direct,manual,True,900.0,5,1000;1001;1002;1003;1004,e2e_unique_delivery_ratio,0.89008,0.008311,0.879763,0.900397,0.010317
A3_edge_agg_5s,mqtt,edge_aggregated,peak,500,10800.0,0.05,0.02,5.0,0,CON,direct,manual,True,900.0,5,1000;1001;1002;1003;1004,cloud_reflection_ratio,0.958,0.012728,0.942199,0.973801,0.015801
A3_edge_agg_5s,mqtt,edge_aggregated,peak,500,10800.0,0.05,0.02,5.0,0,CON,direct,manual,True,900.0,5,1000;1001;1002;1003;1004,physical_delivery_ratio,0.92974,0.002662,0.926435,0.933045,0.003305
A3_edge_agg_5s,mqtt,edge_aggregated,peak,500,10800.0,0.05,0.02,5.0,0,CON,direct,manual,True,900.0,5,1000;1001;1002;1003;1004,backhaul_delivery_ratio,0.98004,0.003533,0.975654,0.984426,0.004386
A3_edge_agg_5s,mqtt,edge_aggregated,peak,500,10800.0,0.05,0.02,5.0,0,CON,direct,manual,True,900.0,5,1000;1001;1002;1003;1004,message_reduction_ratio,0.79856,0.002292,0.795715,0.801405,0.002845
A3_edge_agg_5s,mqtt,edge_aggregated,peak,500,10800.0,0.05,0.02,5.0,0,CON,direct,manual,True,900.0,5,1000;1001;1002;1003;1004,aggregation_ratio,0.3901,0.005451,0.383333,0.396867,0.006767
A3_edge_agg_5s,mqtt,edge_aggregated,peak,500,10800.0,0.05,0.02,5.0,0,CON,direct,manual,True,900.0,5,1000;1001;1002;1003;1004,proto_bytes_sent,692417.8,10703.345234,679129.972139,705705.627861,13287.827861
A3_edge_agg_5s,mqtt,edge_aggregated,peak,500,10800.0,0.05,0.02,5.0,0,CON,direct,manual,True,900.0,5,1000;1001;1002;1003;1004,frames_e2c_sent,1843.6,15.565989,1824.275371,1862.924629,19.324629
A3_edge_agg_5s,mqtt,edge_aggregated,peak,500,10800.0,0.05,0.02,5.0,0,CON,direct,manual,True,900.0,5,1000;1001;1002;1003;1004,frames_e2c_delivered,1805.8,13.498148,1789.042522,1822.557478,16.757478
A3_edge_agg_5s,mqtt,edge_aggregated,peak,500,10800.0,0.05,0.02,5.0,0,CON,direct,manual,True,900.0,5,1000;1001;1002;1003;1004,bytes_e2c_sent,648413.6,10459.439674,635428.572341,661398.627659,12985.027659
A3_edge_agg_5s,mqtt,edge_aggregated,peak,500,10800.0,0.05,0.02,5.0,0,CON,direct,manual,True,900.0,5,1000;1001;1002;1003;1004,bytes_s2e_sent,184485.0,1958.904668,182053.088531,186916.911469,2431.911469
A3_edge_agg_5s,mqtt,edge_aggregated,peak,500,10800.0,0.05,0.02,5.0,0,CON,direct,manual,True,900.0,5,1000;1001;1002;1003;1004,proto_retransmissions,0.0,0.0,0.0,0.0,0.0
A3_edge_agg_5s,mqtt,edge_aggregated,peak,500,10800.0,0.05,0.02,5.0,0,CON,direct,manual,True,900.0,5,1000;1001;1002;1003;1004,proto_duplicate_deliveries,0.0,0.0,0.0,0.0,0.0
A3_edge_agg_5s,mqtt,edge_aggregated,peak,500,10800.0,0.05,0.02,5.0,0,CON,direct,manual,True,900.0,5,1000;1001;1002;1003;1004,unique_state_changes_applied_at_cloud,3089.8,63.574366,3010.874654,3168.725346,78.925346
A3_edge_agg_5s,mqtt,edge_aggregated,peak,500,10800.0,0.05,0.02,5.0,0,CON,direct,manual,True,900.0,5,1000;1001;1002;1003;1004,duplicate_events_at_cloud,0.0,0.0,0.0,0.0,0.0
A4_edge_agg_15s,mqtt,edge_aggregated,peak,500,10800.0,0.05,0.02,15.0,0,CON,direct,manual,True,900.0,5,1000;1001;1002;1003;1004,latency_mean_ms,7622.936,109.257463,7487.29669,7758.57531,135.63931
A4_edge_agg_15s,mqtt,edge_aggregated,peak,500,10800.0,0.05,0.02,15.0,0,CON,direct,manual,True,900.0,5,1000;1001;1002;1003;1004,latency_p50_ms,7624.06,223.923802,7346.06645,7902.05355,277.99355
A4_edge_agg_15s,mqtt,edge_aggregated,peak,500,10800.0,0.05,0.02,15.0,0,CON,direct,manual,True,900.0,5,1000;1001;1002;1003;1004,latency_p95_ms,14405.522,41.331269,14354.210678,14456.833322,51.311322
A4_edge_agg_15s,mqtt,edge_aggregated,peak,500,10800.0,0.05,0.02,15.0,0,CON,direct,manual,True,900.0,5,1000;1001;1002;1003;1004,latency_p99_ms,14961.942,36.14134,14917.073793,15006.810207,44.868207
A4_edge_agg_15s,mqtt,edge_aggregated,peak,500,10800.0,0.05,0.02,15.0,0,CON,direct,manual,True,900.0,5,1000;1001;1002;1003;1004,e2e_unique_delivery_ratio,0.89346,0.007512,0.884134,0.902786,0.009326
A4_edge_agg_15s,mqtt,edge_aggregated,peak,500,10800.0,0.05,0.02,15.0,0,CON,direct,manual,True,900.0,5,1000;1001;1002;1003;1004,cloud_reflection_ratio,0.9548,0.00996,0.942435,0.967165,0.012365
A4_edge_agg_15s,mqtt,edge_aggregated,peak,500,10800.0,0.05,0.02,15.0,0,CON,direct,manual,True,900.0,5,1000;1001;1002;1003;1004,physical_delivery_ratio,0.93012,0.004381,0.924681,0.935559,0.005439
A4_edge_agg_15s,mqtt,edge_aggregated,peak,500,10800.0,0.05,0.02,15.0,0,CON,direct,manual,True,900.0,5,1000;1001;1002;1003;1004,backhaul_delivery_ratio,0.98046,0.00345,0.976177,0.984743,0.004283
A4_edge_agg_15s,mqtt,edge_aggregated,peak,500,10800.0,0.05,0.02,15.0,0,CON,direct,manual,True,900.0,5,1000;1001;1002;1003;1004,message_reduction_ratio,0.92166,0.000999,0.92042,0.9229,0.00124
A4_edge_agg_15s,mqtt,edge_aggregated,peak,500,10800.0,0.05,0.02,15.0,0,CON,direct,manual,True,900.0,5,1000;1001;1002;1003;1004,aggregation_ratio,0.15174,0.002628,0.148477,0.155003,0.003263
A4_edge_agg_15s,mqtt,edge_aggregated,peak,500,10800.0,0.05,0.02,15.0,0,CON,direct,manual,True,900.0,5,1000;1001;1002;1003;1004,proto_bytes_sent,626548.4,9956.818834,614187.358492,638909.441508,12361.041508
A4_edge_agg_15s,mqtt,edge_aggregated,peak,500,10800.0,0.05,0.02,15.0,0,CON,direct,manual,True,900.0,5,1000;1001;1002;1003;1004,frames_e2c_sent,717.2,1.643168,715.160065,719.239935,2.039935
A4_edge_agg_15s,mqtt,edge_aggregated,peak,500,10800.0,0.05,0.02,15.0,0,CON,direct,manual,True,900.0,5,1000;1001;1002;1003;1004,frames_e2c_delivered,702.2,3.420526,697.953537,706.446463,4.246463
A4_edge_agg_15s,mqtt,edge_aggregated,peak,500,10800.0,0.05,0.02,15.0,0,CON,direct,manual,True,900.0,5,1000;1001;1002;1003;1004,bytes_e2c_sent,610116.0,10116.909533,597556.211502,622675.788498,12559.788498
A4_edge_agg_15s,mqtt,edge_aggregated,peak,500,10800.0,0.05,0.02,15.0,0,CON,direct,manual,True,900.0,5,1000;1001;1002;1003;1004,bytes_s2e_sent,184485.0,1958.904668,182053.088531,186916.911469,2431.911469
A4_edge_agg_15s,mqtt,edge_aggregated,peak,500,10800.0,0.05,0.02,15.0,0,CON,direct,manual,True,900.0,5,1000;1001;1002;1003;1004,proto_retransmissions,0.0,0.0,0.0,0.0,0.0
A4_edge_agg_15s,mqtt,edge_aggregated,peak,500,10800.0,0.05,0.02,15.0,0,CON,direct,manual,True,900.0,5,1000;1001;1002;1003;1004,proto_duplicate_deliveries,0.0,0.0,0.0,0.0,0.0
A4_edge_agg_15s,mqtt,edge_aggregated,peak,500,10800.0,0.05,0.02,15.0,0,CON,direct,manual,True,900.0,5,1000;1001;1002;1003;1004,unique_state_changes_applied_at_cloud,3101.8,76.113074,3007.308287,3196.291713,94.491713
A4_edge_agg_15s,mqtt,edge_aggregated,peak,500,10800.0,0.05,0.02,15.0,0,CON,direct,manual,True,900.0,5,1000;1001;1002;1003;1004,duplicate_events_at_cloud,0.0,0.0,0.0,0.0,0.0
A5_edge_anomaly,mqtt,edge_filtered,peak,500,10800.0,0.05,0.02,1.0,1,CON,direct,manual,True,900.0,5,1000;1001;1002;1003;1004,latency_mean_ms,132.304,2.652401,129.011137,135.596863,3.292863
A5_edge_anomaly,mqtt,edge_filtered,peak,500,10800.0,0.05,0.02,1.0,1,CON,direct,manual,True,900.0,5,1000;1001;1002;1003;1004,latency_p50_ms,111.79,0.638122,110.997794,112.582206,0.792206
A5_edge_anomaly,mqtt,edge_filtered,peak,500,10800.0,0.05,0.02,1.0,1,CON,direct,manual,True,900.0,5,1000;1001;1002;1003;1004,latency_p95_ms,169.272,2.246034,166.483627,172.060373,2.788373
A5_edge_anomaly,mqtt,edge_filtered,peak,500,10800.0,0.05,0.02,1.0,1,CON,direct,manual,True,900.0,5,1000;1001;1002;1003;1004,latency_p99_ms,1108.624,6.591231,1100.441217,1116.806783,8.182783
A5_edge_anomaly,mqtt,edge_filtered,peak,500,10800.0,0.05,0.02,1.0,1,CON,direct,manual,True,900.0,5,1000;1001;1002;1003;1004,e2e_unique_delivery_ratio,0.92264,0.003139,0.918743,0.926537,0.003897
A5_edge_anomaly,mqtt,edge_filtered,peak,500,10800.0,0.05,0.02,1.0,1,CON,direct,manual,True,900.0,5,1000;1001;1002;1003;1004,cloud_reflection_ratio,0.9748,0.007694,0.965248,0.984352,0.009552
A5_edge_anomaly,mqtt,edge_filtered,peak,500,10800.0,0.05,0.02,1.0,1,CON,direct,manual,True,900.0,5,1000;1001;1002;1003;1004,physical_delivery_ratio,0.92958,0.002735,0.926184,0.932976,0.003396
A5_edge_anomaly,mqtt,edge_filtered,peak,500,10800.0,0.05,0.02,1.0,1,CON,direct,manual,True,900.0,5,1000;1001;1002;1003;1004,backhaul_delivery_ratio,1.0,0.0,1.0,1.0,0.0
A5_edge_anomaly,mqtt,edge_filtered,peak,500,10800.0,0.05,0.02,1.0,1,CON,direct,manual,True,900.0,5,1000;1001;1002;1003;1004,message_reduction_ratio,0.48432,0.002647,0.481034,0.487606,0.003286
A5_edge_anomaly,mqtt,edge_filtered,peak,500,10800.0,0.05,0.02,1.0,1,CON,direct,manual,True,900.0,5,1000;1001;1002;1003;1004,aggregation_ratio,1.0,0.0,1.0,1.0,0.0
A5_edge_anomaly,mqtt,edge_filtered,peak,500,10800.0,0.05,0.02,1.0,1,CON,direct,manual,True,900.0,5,1000;1001;1002;1003;1004,proto_bytes_sent,913692.2,17353.299202,892148.687428,935235.712572,21543.512572
A5_edge_anomaly,mqtt,edge_filtered,peak,500,10800.0,0.05,0.02,1.0,1,CON,direct,manual,True,900.0,5,1000;1001;1002;1003;1004,frames_e2c_sent,4720.2,87.095924,4612.073464,4828.326536,108.126536
A5_edge_anomaly,mqtt,edge_filtered,peak,500,10800.0,0.05,0.02,1.0,1,CON,direct,manual,True,900.0,5,1000;1001;1002;1003;1004,frames_e2c_delivered,4720.2,87.095924,4612.073464,4828.326536,108.126536
A5_edge_anomaly,mqtt,edge_filtered,peak,500,10800.0,0.05,0.02,1.0,1,CON,direct,manual,True,900.0,5,1000;1001;1002;1003;1004,bytes_e2c_sent,745441.4,13087.80678,729193.346727,761689.453273,16248.053273
A5_edge_anomaly,mqtt,edge_filtered,peak,500,10800.0,0.05,0.02,1.0,1,CON,direct,manual,True,900.0,5,1000;1001;1002;1003;1004,bytes_s2e_sent,184485.0,1958.904668,182053.088531,186916.911469,2431.911469
A5_edge_anomaly,mqtt,edge_filtered,peak,500,10800.0,0.05,0.02,1.0,1,CON,direct,manual,True,900.0,5,1000;1001;1002;1003;1004,proto_retransmissions,198.2,15.482248,178.979332,217.420668,19.220668
A5_edge_anomaly,mqtt,edge_filtered,peak,500,10800.0,0.05,0.02,1.0,1,CON,direct,manual,True,900.0,5,1000;1001;1002;1003;1004,proto_duplicate_deliveries,99.4,8.905055,88.344687,110.455313,11.055313
A5_edge_anomaly,mqtt,edge_filtered,peak,500,10800.0,0.05,0.02,1.0,1,CON,direct,manual,True,900.0,5,1000;1001;1002;1003;1004,unique_state_changes_applied_at_cloud,3203.2,85.115803,3097.531714,3308.868286,105.668286
A5_edge_anomaly,mqtt,edge_filtered,peak,500,10800.0,0.05,0.02,1.0,1,CON,direct,manual,True,900.0,5,1000;1001;1002;1003;1004,duplicate_events_at_cloud,0.0,0.0,0.0,0.0,0.0
A6_adaptive_edge,mqtt,edge_aggregated,peak,500,86400.0,0.05,0.2,5.0,1,CON,direct,manual,True,900.0,5,1000;1001;1002;1003;1004,latency_mean_ms,2910.748,18.140388,2888.227345,2933.268655,22.520655
A6_adaptive_edge,mqtt,edge_aggregated,peak,500,86400.0,0.05,0.2,5.0,1,CON,direct,manual,True,900.0,5,1000;1001;1002;1003;1004,latency_p50_ms,2873.86,11.552766,2859.517646,2888.202354,14.342354
A6_adaptive_edge,mqtt,edge_aggregated,peak,500,86400.0,0.05,0.2,5.0,1,CON,direct,manual,True,900.0,5,1000;1001;1002;1003;1004,latency_p95_ms,5317.98,63.940633,5238.599945,5397.360055,79.380055
A6_adaptive_edge,mqtt,edge_aggregated,peak,500,86400.0,0.05,0.2,5.0,1,CON,direct,manual,True,900.0,5,1000;1001;1002;1003;1004,latency_p99_ms,7416.686,105.840734,7285.288439,7548.083561,131.397561
A6_adaptive_edge,mqtt,edge_aggregated,peak,500,86400.0,0.05,0.2,5.0,1,CON,direct,manual,True,900.0,5,1000;1001;1002;1003;1004,e2e_unique_delivery_ratio,0.91386,0.001817,0.911604,0.916116,0.002256
A6_adaptive_edge,mqtt,edge_aggregated,peak,500,86400.0,0.05,0.2,5.0,1,CON,direct,manual,True,900.0,5,1000;1001;1002;1003;1004,cloud_reflection_ratio,0.982,0.003464,0.977699,0.986301,0.004301
A6_adaptive_edge,mqtt,edge_aggregated,peak,500,86400.0,0.05,0.2,5.0,1,CON,direct,manual,True,900.0,5,1000;1001;1002;1003;1004,physical_delivery_ratio,0.75914,0.00605,0.75163,0.76665,0.00751
A6_adaptive_edge,mqtt,edge_aggregated,peak,500,86400.0,0.05,0.2,5.0,1,CON,direct,manual,True,900.0,5,1000;1001;1002;1003;1004,backhaul_delivery_ratio,0.99836,0.000404,0.997859,0.998861,0.000501
A6_adaptive_edge,mqtt,edge_aggregated,peak,500,86400.0,0.05,0.2,5.0,1,CON,direct,manual,True,900.0,5,1000;1001;1002;1003;1004,message_reduction_ratio,0.80398,0.001184,0.80251,0.80545,0.00147
A6_adaptive_edge,mqtt,edge_aggregated,peak,500,86400.0,0.05,0.2,5.0,1,CON,direct,manual,True,900.0,5,1000;1001;1002;1003;1004,aggregation_ratio,0.4075,0.002058,0.404945,0.410055,0.002555
A6_adaptive_edge,mqtt,edge_aggregated,peak,500,86400.0,0.05,0.2,5.0,1,CON,direct,manual,True,900.0,5,1000;1001;1002;1003;1004,proto_bytes_sent,7594765.0,28623.181444,7559230.323734,7630299.676266,35534.676266
A6_adaptive_edge,mqtt,edge_aggregated,peak,500,86400.0,0.05,0.2,5.0,1,CON,direct,manual,True,900.0,5,1000;1001;1002;1003;1004,frames_e2c_sent,13345.2,88.273439,13235.61162,13454.78838,109.58838
A6_adaptive_edge,mqtt,edge_aggregated,peak,500,86400.0,0.05,0.2,5.0,1,CON,direct,manual,True,900.0,5,1000;1001;1002;1003;1004,frames_e2c_delivered,13322.4,84.848689,13217.063327,13427.736673,105.336673
A6_adaptive_edge,mqtt,edge_aggregated,peak,500,86400.0,0.05,0.2,5.0,1,CON,direct,manual,True,900.0,5,1000;1001;1002;1003;1004,bytes_e2c_sent,4592749.0,17144.270399,4571464.989359,4614033.010641,21284.010641
A6_adaptive_edge,mqtt,edge_aggregated,peak,500,86400.0,0.05,0.2,5.0,1,CON,direct,manual,True,900.0,5,1000;1001;1002;1003;1004,bytes_s2e_sent,1393115.8,2858.41603,1389567.176712,1396664.423288,3548.623288
A6_adaptive_edge,mqtt,edge_aggregated,peak,500,86400.0,0.05,0.2,5.0,1,CON,direct,manual,True,900.0,5,1000;1001;1002;1003;1004,proto_retransmissions,7140.2,109.707338,7004.002186,7276.397814,136.197814
A6_adaptive_edge,mqtt,edge_aggregated,peak,500,86400.0,0.05,0.2,5.0,1,CON,direct,manual,True,900.0,5,1000;1001;1002;1003;1004,proto_duplicate_deliveries,3079.4,47.631922,3020.266639,3138.533361,59.133361
A6_adaptive_edge,mqtt,edge_aggregated,peak,500,86400.0,0.05,0.2,5.0,1,CON,direct,manual,True,900.0,5,1000;1001;1002;1003;1004,unique_state_changes_applied_at_cloud,20661.0,149.025166,20475.990481,20846.009519,185.009519
A6_adaptive_edge,mqtt,edge_aggregated,peak,500,86400.0,0.05,0.2,5.0,1,CON,direct,manual,True,900.0,5,1000;1001;1002;1003;1004,duplicate_events_at_cloud,0.0,0.0,0.0,0.0,0.0
B1_mqtt_qos0,mqtt,edge_filtered,peak,500,43200.0,0.05,0.03,1.0,0,CON,direct,manual,True,900.0,5,1000;1001;1002;1003;1004,latency_mean_ms,110.844,0.266515,110.513132,111.174868,0.330868
B1_mqtt_qos0,mqtt,edge_filtered,peak,500,43200.0,0.05,0.03,1.0,0,CON,direct,manual,True,900.0,5,1000;1001;1002;1003;1004,latency_p50_ms,110.964,0.117601,110.818002,111.109998,0.145998
B1_mqtt_qos0,mqtt,edge_filtered,peak,500,43200.0,0.05,0.03,1.0,0,CON,direct,manual,True,900.0,5,1000;1001;1002;1003;1004,latency_p95_ms,162.176,0.509048,161.544035,162.807965,0.631965
B1_mqtt_qos0,mqtt,edge_filtered,peak,500,43200.0,0.05,0.03,1.0,0,CON,direct,manual,True,900.0,5,1000;1001;1002;1003;1004,latency_p99_ms,183.866,0.891869,182.758776,184.973224,1.107224
B1_mqtt_qos0,mqtt,edge_filtered,peak,500,43200.0,0.05,0.03,1.0,0,CON,direct,manual,True,900.0,5,1000;1001;1002;1003;1004,e2e_unique_delivery_ratio,0.86908,0.003698,0.864489,0.873671,0.004591
B1_mqtt_qos0,mqtt,edge_filtered,peak,500,43200.0,0.05,0.03,1.0,0,CON,direct,manual,True,900.0,5,1000;1001;1002;1003;1004,cloud_reflection_ratio,0.9688,0.006723,0.960454,0.977146,0.008346
B1_mqtt_qos0,mqtt,edge_filtered,peak,500,43200.0,0.05,0.03,1.0,0,CON,direct,manual,True,900.0,5,1000;1001;1002;1003;1004,physical_delivery_ratio,0.92262,0.002203,0.919885,0.925355,0.002735
B1_mqtt_qos0,mqtt,edge_filtered,peak,500,43200.0,0.05,0.03,1.0,0,CON,direct,manual,True,900.0,5,1000;1001;1002;1003;1004,backhaul_delivery_ratio,0.96994,0.000611,0.969182,0.970698,0.000758
B1_mqtt_qos0,mqtt,edge_filtered,peak,500,43200.0,0.05,0.03,1.0,0,CON,direct,manual,True,900.0,5,1000;1001;1002;1003;1004,message_reduction_ratio,0.46532,0.001366,0.463624,0.467016,0.001696
B1_mqtt_qos0,mqtt,edge_filtered,peak,500,43200.0,0.05,0.03,1.0,0,CON,direct,manual,True,900.0,5,1000;1001;1002;1003;1004,aggregation_ratio,1.0,0.0,1.0,1.0,0.0
B1_mqtt_qos0,mqtt,edge_filtered,peak,500,43200.0,0.05,0.03,1.0,0,CON,direct,manual,True,900.0,5,1000;1001;1002;1003;1004,proto_bytes_sent,3775195.4,20402.180565,3749866.808107,3800523.991893,25328.591893
B1_mqtt_qos0,mqtt,edge_filtered,peak,500,43200.0,0.05,0.03,1.0,0,CON,direct,manual,True,900.0,5,1000;1001;1002;1003;1004,frames_e2c_sent,20684.6,117.165695,20539.142898,20830.057102,145.457102
B1_mqtt_qos0,mqtt,edge_filtered,peak,500,43200.0,0.05,0.03,1.0,0,CON,direct,manual,True,900.0,5,1000;1001;1002;1003;1004,frames_e2c_delivered,20063.0,106.997664,19930.166152,20195.833848,132.833848
B1_mqtt_qos0,mqtt,edge_filtered,peak,500,43200.0,0.05,0.03,1.0,0,CON,direct,manual,True,900.0,5,1000;1001;1002;1003;1004,bytes_e2c_sent,3278765.0,17590.387688,3256927.150385,3300602.849615,21837.849615
B1_mqtt_qos0,mqtt,edge_filtered,peak,500,43200.0,0.05,0.03,1.0,0,CON,direct,manual,True,900.0,5,1000;1001;1002;1003;1004,bytes_s2e_sent,778129.8,2792.320755,774663.231678,781596.368322,3466.568322
B1_mqtt_qos0,mqtt,edge_filtered,peak,500,43200.0,0.05,0.03,1.0,0,CON,direct,manual,True,900.0,5,1000;1001;1002;1003;1004,proto_retransmissions,0.0,0.0,0.0,0.0,0.0
B1_mqtt_qos0,mqtt,edge_filtered,peak,500,43200.0,0.05,0.03,1.0,0,CON,direct,manual,True,900.0,5,1000;1001;1002;1003;1004,proto_duplicate_deliveries,0.0,0.0,0.0,0.0,0.0
B1_mqtt_qos0,mqtt,edge_filtered,peak,500,43200.0,0.05,0.03,1.0,0,CON,direct,manual,True,900.0,5,1000;1001;1002;1003;1004,unique_state_changes_applied_at_cloud,13883.4,110.260147,13746.515893,14020.284107,136.884107
B1_mqtt_qos0,mqtt,edge_filtered,peak,500,43200.0,0.05,0.03,1.0,0,CON,direct,manual,True,900.0,5,1000;1001;1002;1003;1004,duplicate_events_at_cloud,0.0,0.0,0.0,0.0,0.0
B2_mqtt_qos1,mqtt,edge_filtered,peak,500,43200.0,0.05,0.03,1.0,1,CON,direct,manual,True,900.0,5,1000;1001;1002;1003;1004,latency_mean_ms,143.732,0.949221,142.553576,144.910424,1.178424
B2_mqtt_qos1,mqtt,edge_filtered,peak,500,43200.0,0.05,0.03,1.0,1,CON,direct,manual,True,900.0,5,1000;1001;1002;1003;1004,latency_p50_ms,112.726,0.264443,112.397704,113.054296,0.328296
B2_mqtt_qos1,mqtt,edge_filtered,peak,500,43200.0,0.05,0.03,1.0,1,CON,direct,manual,True,900.0,5,1000;1001;1002;1003;1004,latency_p95_ms,175.698,1.050581,174.393741,177.002259,1.304259
B2_mqtt_qos1,mqtt,edge_filtered,peak,500,43200.0,0.05,0.03,1.0,1,CON,direct,manual,True,900.0,5,1000;1001;1002;1003;1004,latency_p99_ms,1125.938,2.072214,1123.365419,1128.510581,2.572581
B2_mqtt_qos1,mqtt,edge_filtered,peak,500,43200.0,0.05,0.03,1.0,1,CON,direct,manual,True,900.0,5,1000;1001;1002;1003;1004,e2e_unique_delivery_ratio,0.9135,0.002605,0.910266,0.916734,0.003234
B2_mqtt_qos1,mqtt,edge_filtered,peak,500,43200.0,0.05,0.03,1.0,1,CON,direct,manual,True,900.0,5,1000;1001;1002;1003;1004,cloud_reflection_ratio,0.976,0.007874,0.966225,0.985775,0.009775
B2_mqtt_qos1,mqtt,edge_filtered,peak,500,43200.0,0.05,0.03,1.0,1,CON,direct,manual,True,900.0,5,1000;1001;1002;1003;1004,physical_delivery_ratio,0.92208,0.001272,0.920501,0.923659,0.001579
B2_mqtt_qos1,mqtt,edge_filtered,peak,500,43200.0,0.05,0.03,1.0,1,CON,direct,manual,True,900.0,5,1000;1001;1002;1003;1004,backhaul_delivery_ratio,1.0,0.0,1.0,1.0,0.0
B2_mqtt_qos1,mqtt,edge_filtered,peak,500,43200.0,0.05,0.03,1.0,1,CON,direct,manual,True,900.0,5,1000;1001;1002;1003;1004,message_reduction_ratio,0.46532,0.001366,0.463624,0.467016,0.001696
B2_mqtt_qos1,mqtt,edge_filtered,peak,500,43200.0,0.05,0.03,1.0,1,CON,direct,manual,True,900.0,5,1000;1001;1002;1003;1004,aggregation_ratio,1.0,0.0,1.0,1.0,0.0
B2_mqtt_qos1,mqtt,edge_filtered,peak,500,43200.0,0.05,0.03,1.0,1,CON,direct,manual,True,900.0,5,1000;1001;1002;1003;1004,proto_bytes_sent,4097464.2,24813.304349,4066659.352578,4128269.047422,30804.847422
B2_mqtt_qos1,mqtt,edge_filtered,peak,500,43200.0,0.05,0.03,1.0,1,CON,direct,manual,True,900.0,5,1000;1001;1002;1003;1004,frames_e2c_sent,20684.6,117.165695,20539.142898,20830.057102,145.457102
B2_mqtt_qos1,mqtt,edge_filtered,peak,500,43200.0,0.05,0.03,1.0,1,CON,direct,manual,True,900.0,5,1000;1001;1002;1003;1004,frames_e2c_delivered,20684.6,117.165695,20539.142898,20830.057102,145.457102
B2_mqtt_qos1,mqtt,edge_filtered,peak,500,43200.0,0.05,0.03,1.0,1,CON,direct,manual,True,900.0,5,1000;1001;1002;1003;1004,bytes_e2c_sent,3278765.0,17590.387688,3256927.150385,3300602.849615,21837.849615
B2_mqtt_qos1,mqtt,edge_filtered,peak,500,43200.0,0.05,0.03,1.0,1,CON,direct,manual,True,900.0,5,1000;1001;1002;1003;1004,bytes_s2e_sent,778129.8,2792.320755,774663.231678,781596.368322,3466.568322
B2_mqtt_qos1,mqtt,edge_filtered,peak,500,43200.0,0.05,0.03,1.0,1,CON,direct,manual,True,900.0,5,1000;1001;1002;1003;1004,proto_retransmissions,1311.8,37.890632,1264.760109,1358.839891,47.039891
B2_mqtt_qos1,mqtt,edge_filtered,peak,500,43200.0,0.05,0.03,1.0,1,CON,direct,manual,True,900.0,5,1000;1001;1002;1003;1004,proto_duplicate_deliveries,640.6,41.355773,589.258257,691.941743,51.341743
B2_mqtt_qos1,mqtt,edge_filtered,peak,500,43200.0,0.05,0.03,1.0,1,CON,direct,manual,True,900.0,5,1000;1001;1002;1003;1004,unique_state_changes_applied_at_cloud,14592.8,123.984676,14438.877371,14746.722629,153.922629
B2_mqtt_qos1,mqtt,edge_filtered,peak,500,43200.0,0.05,0.03,1.0,1,CON,direct,manual,True,900.0,5,1000;1001;1002;1003;1004,duplicate_events_at_cloud,0.0,0.0,0.0,0.0,0.0
B3_mqtt_qos2,mqtt,edge_filtered,peak,500,43200.0,0.05,0.03,1.0,2,CON,direct,manual,True,900.0,5,1000;1001;1002;1003;1004,latency_mean_ms,144.782,1.1071,143.407574,146.156426,1.374426
B3_mqtt_qos2,mqtt,edge_filtered,peak,500,43200.0,0.05,0.03,1.0,2,CON,direct,manual,True,900.0,5,1000;1001;1002;1003;1004,latency_p50_ms,113.16,0.185068,112.930245,113.389755,0.229755
B3_mqtt_qos2,mqtt,edge_filtered,peak,500,43200.0,0.05,0.03,1.0,2,CON,direct,manual,True,900.0,5,1000;1001;1002;1003;1004,latency_p95_ms,176.398,1.128526,174.996975,177.799025,1.401025
B3_mqtt_qos2,mqtt,edge_filtered,peak,500,43200.0,0.05,0.03,1.0,2,CON,direct,manual,True,900.0,5,1000;1001;1002;1003;1004,latency_p99_ms,1130.15,3.419583,1125.904707,1134.395293,4.245293
B3_mqtt_qos2,mqtt,edge_filtered,peak,500,43200.0,0.05,0.03,1.0,2,CON,direct,manual,True,900.0,5,1000;1001;1002;1003;1004,e2e_unique_delivery_ratio,0.91344,0.002393,0.910469,0.916411,0.002971
B3_mqtt_qos2,mqtt,edge_filtered,peak,500,43200.0,0.05,0.03,1.0,2,CON,direct,manual,True,900.0,5,1000;1001;1002;1003;1004,cloud_reflection_ratio,0.9752,0.008319,0.964873,0.985527,0.010327
B3_mqtt_qos2,mqtt,edge_filtered,peak,500,43200.0,0.05,0.03,1.0,2,CON,direct,manual,True,900.0,5,1000;1001;1002;1003;1004,physical_delivery_ratio,0.92244,0.001937,0.920035,0.924845,0.002405
B3_mqtt_qos2,mqtt,edge_filtered,peak,500,43200.0,0.05,0.03,1.0,2,CON,direct,manual,True,900.0,5,1000;1001;1002;1003;1004,backhaul_delivery_ratio,1.0,0.0,1.0,1.0,0.0
B3_mqtt_qos2,mqtt,edge_filtered,peak,500,43200.0,0.05,0.03,1.0,2,CON,direct,manual,True,900.0,5,1000;1001;1002;1003;1004,message_reduction_ratio,0.46532,0.001366,0.463624,0.467016,0.001696
B3_mqtt_qos2,mqtt,edge_filtered,peak,500,43200.0,0.05,0.03,1.0,2,CON,direct,manual,True,900.0,5,1000;1001;1002;1003;1004,aggregation_ratio,1.0,0.0,1.0,1.0,0.0
B3_mqtt_qos2,mqtt,edge_filtered,peak,500,43200.0,0.05,0.03,1.0,2,CON,direct,manual,True,900.0,5,1000;1001;1002;1003;1004,proto_bytes_sent,4517316.0,18753.045313,4494034.751705,4540597.248295,23281.248295
B3_mqtt_qos2,mqtt,edge_filtered,peak,500,43200.0,0.05,0.03,1.0,2,CON,direct,manual,True,900.0,5,1000;1001;1002;1003;1004,frames_e2c_sent,20684.6,117.165695,20539.142898,20830.057102,145.457102
B3_mqtt_qos2,mqtt,edge_filtered,peak,500,43200.0,0.05,0.03,1.0,2,CON,direct,manual,True,900.0,5,1000;1001;1002;1003;1004,frames_e2c_delivered,20684.6,117.165695,20539.142898,20830.057102,145.457102
B3_mqtt_qos2,mqtt,edge_filtered,peak,500,43200.0,0.05,0.03,1.0,2,CON,direct,manual,True,900.0,5,1000;1001;1002;1003;1004,bytes_e2c_sent,3278765.0,17590.387688,3256927.150385,3300602.849615,21837.849615
B3_mqtt_qos2,mqtt,edge_filtered,peak,500,43200.0,0.05,0.03,1.0,2,CON,direct,manual,True,900.0,5,1000;1001;1002;1003;1004,bytes_s2e_sent,778129.8,2792.320755,774663.231678,781596.368322,3466.568322
B3_mqtt_qos2,mqtt,edge_filtered,peak,500,43200.0,0.05,0.03,1.0,2,CON,direct,manual,True,900.0,5,1000;1001;1002;1003;1004,proto_retransmissions,2707.6,32.989392,2666.644826,2748.555174,40.955174
B3_mqtt_qos2,mqtt,edge_filtered,peak,500,43200.0,0.05,0.03,1.0,2,CON,direct,manual,True,900.0,5,1000;1001;1002;1003;1004,proto_duplicate_deliveries,2003.2,38.401823,1955.525483,2050.874517,47.674517
B3_mqtt_qos2,mqtt,edge_filtered,peak,500,43200.0,0.05,0.03,1.0,2,CON,direct,manual,True,900.0,5,1000;1001;1002;1003;1004,unique_state_changes_applied_at_cloud,14592.4,124.029432,14438.421809,14746.378191,153.978191
B3_mqtt_qos2,mqtt,edge_filtered,peak,500,43200.0,0.05,0.03,1.0,2,CON,direct,manual,True,900.0,5,1000;1001;1002;1003;1004,duplicate_events_at_cloud,0.0,0.0,0.0,0.0,0.0
B4_coap_non,coap,edge_filtered,peak,500,43200.0,0.05,0.03,1.0,1,NON,direct,manual,True,900.0,5,1000;1001;1002;1003;1004,latency_mean_ms,110.576,0.213612,110.310808,110.841192,0.265192
B4_coap_non,coap,edge_filtered,peak,500,43200.0,0.05,0.03,1.0,1,NON,direct,manual,True,900.0,5,1000;1001;1002;1003;1004,latency_p50_ms,110.572,0.387001,110.091551,111.052449,0.480449
B4_coap_non,coap,edge_filtered,peak,500,43200.0,0.05,0.03,1.0,1,NON,direct,manual,True,900.0,5,1000;1001;1002;1003;1004,latency_p95_ms,162.692,0.74372,161.768697,163.615303,0.923303
B4_coap_non,coap,edge_filtered,peak,500,43200.0,0.05,0.03,1.0,1,NON,direct,manual,True,900.0,5,1000;1001;1002;1003;1004,latency_p99_ms,184.366,1.218823,182.852874,185.879126,1.513126
B4_coap_non,coap,edge_filtered,peak,500,43200.0,0.05,0.03,1.0,1,NON,direct,manual,True,900.0,5,1000;1001;1002;1003;1004,e2e_unique_delivery_ratio,0.86722,0.004315,0.861863,0.872577,0.005357
B4_coap_non,coap,edge_filtered,peak,500,43200.0,0.05,0.03,1.0,1,NON,direct,manual,True,900.0,5,1000;1001;1002;1003;1004,cloud_reflection_ratio,0.9664,0.015323,0.947377,0.985423,0.019023
B4_coap_non,coap,edge_filtered,peak,500,43200.0,0.05,0.03,1.0,1,NON,direct,manual,True,900.0,5,1000;1001;1002;1003;1004,physical_delivery_ratio,0.92218,0.001984,0.919717,0.924643,0.002463
B4_coap_non,coap,edge_filtered,peak,500,43200.0,0.05,0.03,1.0,1,NON,direct,manual,True,900.0,5,1000;1001;1002;1003;1004,backhaul_delivery_ratio,0.96996,0.000598,0.969217,0.970703,0.000743
B4_coap_non,coap,edge_filtered,peak,500,43200.0,0.05,0.03,1.0,1,NON,direct,manual,True,900.0,5,1000;1001;1002;1003;1004,message_reduction_ratio,0.46568,0.001001,0.464437,0.466923,0.001243
B4_coap_non,coap,edge_filtered,peak,500,43200.0,0.05,0.03,1.0,1,NON,direct,manual,True,900.0,5,1000;1001;1002;1003;1004,aggregation_ratio,1.0,0.0,1.0,1.0,0.0
B4_coap_non,coap,edge_filtered,peak,500,43200.0,0.05,0.03,1.0,1,NON,direct,manual,True,900.0,5,1000;1001;1002;1003;1004,proto_bytes_sent,3440609.2,13384.417047,3423992.915478,3457225.484522,16616.284522
B4_coap_non,coap,edge_filtered,peak,500,43200.0,0.05,0.03,1.0,1,NON,direct,manual,True,900.0,5,1000;1001;1002;1003;1004,frames_e2c_sent,20660.8,83.517663,20557.11575,20764.48425,103.68425
B4_coap_non,coap,edge_filtered,peak,500,43200.0,0.05,0.03,1.0,1,NON,direct,manual,True,900.0,5,1000;1001;1002;1003;1004,frames_e2c_delivered,20040.0,75.653817,19946.078439,20133.921561,93.921561
B4_coap_non,coap,edge_filtered,peak,500,43200.0,0.05,0.03,1.0,1,NON,direct,manual,True,900.0,5,1000;1001;1002;1003;1004,bytes_e2c_sent,3275322.8,12716.325715,3259535.927445,3291109.672555,15786.872555
B4_coap_non,coap,edge_filtered,peak,500,43200.0,0.05,0.03,1.0,1,NON,direct,manual,True,900.0,5,1000;1001;1002;1003;1004,bytes_s2e_sent,778129.8,2792.320755,774663.231678,781596.368322,3466.568322
B4_coap_non,coap,edge_filtered,peak,500,43200.0,0.05,0.03,1.0,1,NON,direct,manual,True,900.0,5,1000;1001;1002;1003;1004,proto_retransmissions,0.0,0.0,0.0,0.0,0.0
B4_coap_non,coap,edge_filtered,peak,500,43200.0,0.05,0.03,1.0,1,NON,direct,manual,True,900.0,5,1000;1001;1002;1003;1004,proto_duplicate_deliveries,0.0,0.0,0.0,0.0,0.0
B4_coap_non,coap,edge_filtered,peak,500,43200.0,0.05,0.03,1.0,1,NON,direct,manual,True,900.0,5,1000;1001;1002;1003;1004,unique_state_changes_applied_at_cloud,13853.6,82.430577,13751.265329,13955.934671,102.334671
B4_coap_non,coap,edge_filtered,peak,500,43200.0,0.05,0.03,1.0,1,NON,direct,manual,True,900.0,5,1000;1001;1002;1003;1004,duplicate_events_at_cloud,0.0,0.0,0.0,0.0,0.0
B5_coap_con,coap,edge_filtered,peak,500,43200.0,0.05,0.03,1.0,1,CON,direct,manual,True,900.0,5,1000;1001;1002;1003;1004,latency_mean_ms,191.912,4.769787,185.990476,197.833524,5.921524
B5_coap_con,coap,edge_filtered,peak,500,43200.0,0.05,0.03,1.0,1,CON,direct,manual,True,900.0,5,1000;1001;1002;1003;1004,latency_p50_ms,112.292,0.506132,111.663654,112.920346,0.628346
B5_coap_con,coap,edge_filtered,peak,500,43200.0,0.05,0.03,1.0,1,CON,direct,manual,True,900.0,5,1000;1001;1002;1003;1004,latency_p95_ms,175.704,1.008677,174.451762,176.956238,1.252238
B5_coap_con,coap,edge_filtered,peak,500,43200.0,0.05,0.03,1.0,1,CON,direct,manual,True,900.0,5,1000;1001;1002;1003;1004,latency_p99_ms,2787.29,25.934803,2755.092851,2819.487149,32.197149
B5_coap_con,coap,edge_filtered,peak,500,43200.0,0.05,0.03,1.0,1,CON,direct,manual,True,900.0,5,1000;1001;1002;1003;1004,e2e_unique_delivery_ratio,0.90918,0.004829,0.903185,0.915175,0.005995
B5_coap_con,coap,edge_filtered,peak,500,43200.0,0.05,0.03,1.0,1,CON,direct,manual,True,900.0,5,1000;1001;1002;1003;1004,cloud_reflection_ratio,0.9684,0.00994,0.95606,0.98074,0.01234
B5_coap_con,coap,edge_filtered,peak,500,43200.0,0.05,0.03,1.0,1,CON,direct,manual,True,900.0,5,1000;1001;1002;1003;1004,physical_delivery_ratio,0.92182,0.00187,0.919498,0.924142,0.002322
B5_coap_con,coap,edge_filtered,peak,500,43200.0,0.05,0.03,1.0,1,CON,direct,manual,True,900.0,5,1000;1001;1002;1003;1004,backhaul_delivery_ratio,1.0,0.0,1.0,1.0,0.0
B5_coap_con,coap,edge_filtered,peak,500,43200.0,0.05,0.03,1.0,1,CON,direct,manual,True,900.0,5,1000;1001;1002;1003;1004,message_reduction_ratio,0.46568,0.001001,0.464437,0.466923,0.001243
B5_coap_con,coap,edge_filtered,peak,500,43200.0,0.05,0.03,1.0,1,CON,direct,manual,True,900.0,5,1000;1001;1002;1003;1004,aggregation_ratio,1.0,0.0,1.0,1.0,0.0
B5_coap_con,coap,edge_filtered,peak,500,43200.0,0.05,0.03,1.0,1,CON,direct,manual,True,900.0,5,1000;1001;1002;1003;1004,proto_bytes_sent,3658932.0,17742.498485,3636905.310163,3680958.689837,22026.689837
B5_coap_con,coap,edge_filtered,peak,500,43200.0,0.05,0.03,1.0,1,CON,direct,manual,True,900.0,5,1000;1001;1002;1003;1004,frames_e2c_sent,20660.8,83.517663,20557.11575,20764.48425,103.68425
B5_coap_con,coap,edge_filtered,peak,500,43200.0,0.05,0.03,1.0,1,CON,direct,manual,True,900.0,5,1000;1001;1002;1003;1004,frames_e2c_delivered,20660.8,83.517663,20557.11575,20764.48425,103.68425
B5_coap_con,coap,edge_filtered,peak,500,43200.0,0.05,0.03,1.0,1,CON,direct,manual,True,900.0,5,1000;1001;1002;1003;1004,bytes_e2c_sent,3275322.8,12716.325715,3259535.927445,3291109.672555,15786.872555
B5_coap_con,coap,edge_filtered,peak,500,43200.0,0.05,0.03,1.0,1,CON,direct,manual,True,900.0,5,1000;1001;1002;1003;1004,bytes_s2e_sent,778129.8,2792.320755,774663.231678,781596.368322,3466.568322
B5_coap_con,coap,edge_filtered,peak,500,43200.0,0.05,0.03,1.0,1,CON,direct,manual,True,900.0,5,1000;1001;1002;1003;1004,proto_retransmissions,1310.2,34.967127,1266.789537,1353.610463,43.410463
B5_coap_con,coap,edge_filtered,peak,500,43200.0,0.05,0.03,1.0,1,CON,direct,manual,True,900.0,5,1000;1001;1002;1003;1004,proto_duplicate_deliveries,641.2,28.261281,606.114611,676.285389,35.085389
B5_coap_con,coap,edge_filtered,peak,500,43200.0,0.05,0.03,1.0,1,CON,direct,manual,True,900.0,5,1000;1001;1002;1003;1004,unique_state_changes_applied_at_cloud,14524.0,77.152446,14428.217943,14619.782057,95.782057
B5_coap_con,coap,edge_filtered,peak,500,43200.0,0.05,0.03,1.0,1,CON,direct,manual,True,900.0,5,1000;1001;1002;1003;1004,duplicate_events_at_cloud,0.0,0.0,0.0,0.0,0.0
B6_amqp_auto,amqp,edge_filtered,peak,500,43200.0,0.05,0.03,1.0,1,CON,direct,auto,False,900.0,5,1000;1001;1002;1003;1004,latency_mean_ms,111.306,0.115022,111.163205,111.448795,0.142795
B6_amqp_auto,amqp,edge_filtered,peak,500,43200.0,0.05,0.03,1.0,1,CON,direct,auto,False,900.0,5,1000;1001;1002;1003;1004,latency_p50_ms,111.216,0.300466,110.842982,111.589018,0.373018
B6_amqp_auto,amqp,edge_filtered,peak,500,43200.0,0.05,0.03,1.0,1,CON,direct,auto,False,900.0,5,1000;1001;1002;1003;1004,latency_p95_ms,163.25,0.379144,162.779306,163.720694,0.470694
B6_amqp_auto,amqp,edge_filtered,peak,500,43200.0,0.05,0.03,1.0,1,CON,direct,auto,False,900.0,5,1000;1001;1002;1003;1004,latency_p99_ms,185.272,1.700609,183.160754,187.383246,2.111246
B6_amqp_auto,amqp,edge_filtered,peak,500,43200.0,0.05,0.03,1.0,1,CON,direct,auto,False,900.0,5,1000;1001;1002;1003;1004,e2e_unique_delivery_ratio,0.86542,0.003911,0.860564,0.870276,0.004856
B6_amqp_auto,amqp,edge_filtered,peak,500,43200.0,0.05,0.03,1.0,1,CON,direct,auto,False,900.0,5,1000;1001;1002;1003;1004,cloud_reflection_ratio,0.9704,0.010334,0.95757,0.98323,0.01283
B6_amqp_auto,amqp,edge_filtered,peak,500,43200.0,0.05,0.03,1.0,1,CON,direct,auto,False,900.0,5,1000;1001;1002;1003;1004,physical_delivery_ratio,0.92254,0.001584,0.920574,0.924506,0.001966
B6_amqp_auto,amqp,edge_filtered,peak,500,43200.0,0.05,0.03,1.0,1,CON,direct,auto,False,900.0,5,1000;1001;1002;1003;1004,backhaul_delivery_ratio,0.96994,0.000639,0.969147,0.970733,0.000793
B6_amqp_auto,amqp,edge_filtered,peak,500,43200.0,0.05,0.03,1.0,1,CON,direct,auto,False,900.0,5,1000;1001;1002;1003;1004,message_reduction_ratio,0.46606,0.001369,0.464361,0.467759,0.001699
B6_amqp_auto,amqp,edge_filtered,peak,500,43200.0,0.05,0.03,1.0,1,CON,direct,auto,False,900.0,5,1000;1001;1002;1003;1004,aggregation_ratio,1.0,0.0,1.0,1.0,0.0
B6_amqp_auto,amqp,edge_filtered,peak,500,43200.0,0.05,0.03,1.0,1,CON,direct,auto,False,900.0,5,1000;1001;1002;1003;1004,proto_bytes_sent,4678856.6,29044.164135,4642799.288483,4714913.911517,36057.311517
B6_amqp_auto,amqp,edge_filtered,peak,500,43200.0,0.05,0.03,1.0,1,CON,direct,auto,False,900.0,5,1000;1001;1002;1003;1004,frames_e2c_sent,20654.4,132.417144,20490.008758,20818.791242,164.391242
B6_amqp_auto,amqp,edge_filtered,peak,500,43200.0,0.05,0.03,1.0,1,CON,direct,auto,False,900.0,5,1000;1001;1002;1003;1004,frames_e2c_delivered,20033.6,118.083869,19887.003017,20180.196983,146.596983
B6_amqp_auto,amqp,edge_filtered,peak,500,43200.0,0.05,0.03,1.0,1,CON,direct,auto,False,900.0,5,1000;1001;1002;1003;1004,bytes_e2c_sent,3274357.4,20040.042023,3249478.39041,3299236.40959,24879.00959
B6_amqp_auto,amqp,edge_filtered,peak,500,43200.0,0.05,0.03,1.0,1,CON,direct,auto,False,900.0,5,1000;1001;1002;1003;1004,bytes_s2e_sent,778129.8,2792.320755,774663.231678,781596.368322,3466.568322
B6_amqp_auto,amqp,edge_filtered,peak,500,43200.0,0.05,0.03,1.0,1,CON,direct,auto,False,900.0,5,1000;1001;1002;1003;1004,proto_retransmissions,0.0,0.0,0.0,0.0,0.0
B6_amqp_auto,amqp,edge_filtered,peak,500,43200.0,0.05,0.03,1.0,1,CON,direct,auto,False,900.0,5,1000;1001;1002;1003;1004,proto_duplicate_deliveries,0.0,0.0,0.0,0.0,0.0
B6_amqp_auto,amqp,edge_filtered,peak,500,43200.0,0.05,0.03,1.0,1,CON,direct,auto,False,900.0,5,1000;1001;1002;1003;1004,unique_state_changes_applied_at_cloud,13824.8,110.615098,13687.475233,13962.124767,137.324767
B6_amqp_auto,amqp,edge_filtered,peak,500,43200.0,0.05,0.03,1.0,1,CON,direct,auto,False,900.0,5,1000;1001;1002;1003;1004,duplicate_events_at_cloud,0.0,0.0,0.0,0.0,0.0
B7_amqp_manual_durable,amqp,edge_filtered,peak,500,43200.0,0.05,0.03,1.0,1,CON,direct,manual,True,900.0,5,1000;1001;1002;1003;1004,latency_mean_ms,143.67,1.092406,142.313817,145.026183,1.356183
B7_amqp_manual_durable,amqp,edge_filtered,peak,500,43200.0,0.05,0.03,1.0,1,CON,direct,manual,True,900.0,5,1000;1001;1002;1003;1004,latency_p50_ms,113.386,0.314929,112.995027,113.776973,0.390973
B7_amqp_manual_durable,amqp,edge_filtered,peak,500,43200.0,0.05,0.03,1.0,1,CON,direct,manual,True,900.0,5,1000;1001;1002;1003;1004,latency_p95_ms,176.488,1.121392,175.095831,177.880169,1.392169
B7_amqp_manual_durable,amqp,edge_filtered,peak,500,43200.0,0.05,0.03,1.0,1,CON,direct,manual,True,900.0,5,1000;1001;1002;1003;1004,latency_p99_ms,1129.854,2.502205,1126.7476,1132.9604,3.1064
B7_amqp_manual_durable,amqp,edge_filtered,peak,500,43200.0,0.05,0.03,1.0,1,CON,direct,manual,True,900.0,5,1000;1001;1002;1003;1004,e2e_unique_delivery_ratio,0.91076,0.003471,0.906451,0.915069,0.004309
B7_amqp_manual_durable,amqp,edge_filtered,peak,500,43200.0,0.05,0.03,1.0,1,CON,direct,manual,True,900.0,5,1000;1001;1002;1003;1004,cloud_reflection_ratio,0.9796,0.009633,0.967641,0.991559,0.011959
B7_amqp_manual_durable,amqp,edge_filtered,peak,500,43200.0,0.05,0.03,1.0,1,CON,direct,manual,True,900.0,5,1000;1001;1002;1003;1004,physical_delivery_ratio,0.92234,0.001435,0.920559,0.924121,0.001781
B7_amqp_manual_durable,amqp,edge_filtered,peak,500,43200.0,0.05,0.03,1.0,1,CON,direct,manual,True,900.0,5,1000;1001;1002;1003;1004,backhaul_delivery_ratio,1.0,0.0,1.0,1.0,0.0
B7_amqp_manual_durable,amqp,edge_filtered,peak,500,43200.0,0.05,0.03,1.0,1,CON,direct,manual,True,900.0,5,1000;1001;1002;1003;1004,message_reduction_ratio,0.46606,0.001369,0.464361,0.467759,0.001699
B7_amqp_manual_durable,amqp,edge_filtered,peak,500,43200.0,0.05,0.03,1.0,1,CON,direct,manual,True,900.0,5,1000;1001;1002;1003;1004,aggregation_ratio,1.0,0.0,1.0,1.0,0.0
B7_amqp_manual_durable,amqp,edge_filtered,peak,500,43200.0,0.05,0.03,1.0,1,CON,direct,manual,True,900.0,5,1000;1001;1002;1003;1004,proto_bytes_sent,4973653.2,35060.169277,4930127.229014,5017179.170986,43525.970986
B7_amqp_manual_durable,amqp,edge_filtered,peak,500,43200.0,0.05,0.03,1.0,1,CON,direct,manual,True,900.0,5,1000;1001;1002;1003;1004,frames_e2c_sent,20654.4,132.417144,20490.008758,20818.791242,164.391242
B7_amqp_manual_durable,amqp,edge_filtered,peak,500,43200.0,0.05,0.03,1.0,1,CON,direct,manual,True,900.0,5,1000;1001;1002;1003;1004,frames_e2c_delivered,20654.0,132.440553,20489.579697,20818.420303,164.420303
B7_amqp_manual_durable,amqp,edge_filtered,peak,500,43200.0,0.05,0.03,1.0,1,CON,direct,manual,True,900.0,5,1000;1001;1002;1003;1004,bytes_e2c_sent,3274357.4,20040.042023,3249478.39041,3299236.40959,24879.00959
B7_amqp_manual_durable,amqp,edge_filtered,peak,500,43200.0,0.05,0.03,1.0,1,CON,direct,manual,True,900.0,5,1000;1001;1002;1003;1004,bytes_s2e_sent,778129.8,2792.320755,774663.231678,781596.368322,3466.568322
B7_amqp_manual_durable,amqp,edge_filtered,peak,500,43200.0,0.05,0.03,1.0,1,CON,direct,manual,True,900.0,5,1000;1001;1002;1003;1004,proto_retransmissions,1300.2,31.027407,1261.680562,1338.719438,38.519438
B7_amqp_manual_durable,amqp,edge_filtered,peak,500,43200.0,0.05,0.03,1.0,1,CON,direct,manual,True,900.0,5,1000;1001;1002;1003;1004,proto_duplicate_deliveries,636.2,29.600676,599.451799,672.948201,36.748201
B7_amqp_manual_durable,amqp,edge_filtered,peak,500,43200.0,0.05,0.03,1.0,1,CON,direct,manual,True,900.0,5,1000;1001;1002;1003;1004,unique_state_changes_applied_at_cloud,14549.2,129.744749,14388.126442,14710.273558,161.073558
B7_amqp_manual_durable,amqp,edge_filtered,peak,500,43200.0,0.05,0.03,1.0,1,CON,direct,manual,True,900.0,5,1000;1001;1002;1003;1004,duplicate_events_at_cloud,0.0,0.0,0.0,0.0,0.0
B8_amqp_topic,amqp,edge_filtered,peak,500,43200.0,0.05,0.03,1.0,1,CON,topic,manual,True,900.0,5,1000;1001;1002;1003;1004,latency_mean_ms,144.926,0.736091,144.012169,145.839831,0.913831
B8_amqp_topic,amqp,edge_filtered,peak,500,43200.0,0.05,0.03,1.0,1,CON,topic,manual,True,900.0,5,1000;1001;1002;1003;1004,latency_p50_ms,114.404,0.337683,113.984778,114.823222,0.419222
B8_amqp_topic,amqp,edge_filtered,peak,500,43200.0,0.05,0.03,1.0,1,CON,topic,manual,True,900.0,5,1000;1001;1002;1003;1004,latency_p95_ms,177.66,1.089495,176.30743,179.01257,1.35257
B8_amqp_topic,amqp,edge_filtered,peak,500,43200.0,0.05,0.03,1.0,1,CON,topic,manual,True,900.0,5,1000;1001;1002;1003;1004,latency_p99_ms,1132.364,1.996605,1129.885285,1134.842715,2.478715
B8_amqp_topic,amqp,edge_filtered,peak,500,43200.0,0.05,0.03,1.0,1,CON,topic,manual,True,900.0,5,1000;1001;1002;1003;1004,e2e_unique_delivery_ratio,0.91084,0.003422,0.906592,0.915088,0.004248
B8_amqp_topic,amqp,edge_filtered,peak,500,43200.0,0.05,0.03,1.0,1,CON,topic,manual,True,900.0,5,1000;1001;1002;1003;1004,cloud_reflection_ratio,0.9792,0.009445,0.967475,0.990925,0.011725
B8_amqp_topic,amqp,edge_filtered,peak,500,43200.0,0.05,0.03,1.0,1,CON,topic,manual,True,900.0,5,1000;1001;1002;1003;1004,physical_delivery_ratio,0.92218,0.001386,0.920459,0.923901,0.001721
B8_amqp_topic,amqp,edge_filtered,peak,500,43200.0,0.05,0.03,1.0,1,CON,topic,manual,True,900.0,5,1000;1001;1002;1003;1004,backhaul_delivery_ratio,1.0,0.0,1.0,1.0,0.0
B8_amqp_topic,amqp,edge_filtered,peak,500,43200.0,0.05,0.03,1.0,1,CON,topic,manual,True,900.0,5,1000;1001;1002;1003;1004,message_reduction_ratio,0.46606,0.001369,0.464361,0.467759,0.001699
B8_amqp_topic,amqp,edge_filtered,peak,500,43200.0,0.05,0.03,1.0,1,CON,topic,manual,True,900.0,5,1000;1001;1002;1003;1004,aggregation_ratio,1.0,0.0,1.0,1.0,0.0
B8_amqp_topic,amqp,edge_filtered,peak,500,43200.0,0.05,0.03,1.0,1,CON,topic,manual,True,900.0,5,1000;1001;1002;1003;1004,proto_bytes_sent,5128065.6,36347.819299,5082941.056654,5173190.143346,45124.543346
B8_amqp_topic,amqp,edge_filtered,peak,500,43200.0,0.05,0.03,1.0,1,CON,topic,manual,True,900.0,5,1000;1001;1002;1003;1004,frames_e2c_sent,20654.4,132.417144,20490.008758,20818.791242,164.391242
B8_amqp_topic,amqp,edge_filtered,peak,500,43200.0,0.05,0.03,1.0,1,CON,topic,manual,True,900.0,5,1000;1001;1002;1003;1004,frames_e2c_delivered,20653.8,132.405438,20489.423291,20818.176709,164.376709
B8_amqp_topic,amqp,edge_filtered,peak,500,43200.0,0.05,0.03,1.0,1,CON,topic,manual,True,900.0,5,1000;1001;1002;1003;1004,bytes_e2c_sent,3274357.4,20040.042023,3249478.39041,3299236.40959,24879.00959
B8_amqp_topic,amqp,edge_filtered,peak,500,43200.0,0.05,0.03,1.0,1,CON,topic,manual,True,900.0,5,1000;1001;1002;1003;1004,bytes_s2e_sent,778129.8,2792.320755,774663.231678,781596.368322,3466.568322
B8_amqp_topic,amqp,edge_filtered,peak,500,43200.0,0.05,0.03,1.0,1,CON,topic,manual,True,900.0,5,1000;1001;1002;1003;1004,proto_retransmissions,1303.2,32.422215,1262.948957,1343.451043,40.251043
B8_amqp_topic,amqp,edge_filtered,peak,500,43200.0,0.05,0.03,1.0,1,CON,topic,manual,True,900.0,5,1000;1001;1002;1003;1004,proto_duplicate_deliveries,635.8,29.1067,599.665052,671.934948,36.134948
B8_amqp_topic,amqp,edge_filtered,peak,500,43200.0,0.05,0.03,1.0,1,CON,topic,manual,True,900.0,5,1000;1001;1002;1003;1004,unique_state_changes_applied_at_cloud,14550.6,129.914587,14389.315594,14711.884406,161.284406
B8_amqp_topic,amqp,edge_filtered,peak,500,43200.0,0.05,0.03,1.0,1,CON,topic,manual,True,900.0,5,1000;1001;1002;1003;1004,duplicate_events_at_cloud,0.0,0.0,0.0,0.0,0.0
